datetime,date,temp,humidity,precip,conditions
2020-07-18 00:00:00,2020-07-18,24.1,94.72,0.0,Overcast
2020-07-18 01:00:00,2020-07-18,24.2,95.88,0.0,Overcast
2020-07-18 02:00:00,2020-07-18,24.2,100.0,0.0,Overcast
2020-07-18 03:00:00,2020-07-18,24.4,97.04,0.0,Overcast
2020-07-18 04:00:00,2020-07-18,24.6,97.05,0.0,Overcast
2020-07-18 05:00:00,2020-07-18,24.4,100.0,0.0,Overcast
2020-07-18 06:00:00,2020-07-18,25.2,95.91,0.0,Overcast
2020-07-18 07:00:00,2020-07-18,25.5,94.78,0.0,Overcast
2020-07-18 08:00:00,2020-07-18,24.9,100.0,0.5,"Rain, Overcast"
2020-07-18 09:00:00,2020-07-18,25.5,95.34,0.0,Overcast
2020-07-18 10:00:00,2020-07-18,26.8,91.51,0.0,Overcast
2020-07-18 11:00:00,2020-07-18,27.7,91.56,0.0,Overcast
2020-07-18 12:00:00,2020-07-18,27.1,91.52,0.0,Overcast
2020-07-18 13:00:00,2020-07-18,27.9,88.38,0.0,Overcast
2020-07-18 14:00:00,2020-07-18,28.2,93.77,0.1,"Rain, Overcast"
2020-07-18 15:00:00,2020-07-18,28.5,86.36,0.0,Overcast
2020-07-18 16:00:00,2020-07-18,28.8,85.88,0.0,Overcast
2020-07-18 17:00:00,2020-07-18,28.4,96.0,0.0,Overcast
2020-07-18 18:00:00,2020-07-18,27.9,89.43,0.0,Overcast
2020-07-18 19:00:00,2020-07-18,28.0,89.44,0.0,Overcast
2020-07-18 20:00:00,2020-07-18,26.9,100.0,1.0,"Rain, Overcast"
2020-07-18 21:00:00,2020-07-18,27.4,92.09,0.0,Overcast
2020-07-18 22:00:00,2020-07-18,27.1,93.17,0.0,Overcast
2020-07-18 23:00:00,2020-07-18,26.2,100.0,4.0,"Rain, Overcast"
2020-07-19 00:00:00,2020-07-19,27.4,92.63,0.0,Overcast
2020-07-19 01:00:00,2020-07-19,26.7,94.82,0.0,Overcast
2020-07-19 02:00:00,2020-07-19,25.7,100.0,0.0,Overcast
2020-07-19 03:00:00,2020-07-19,26.9,94.27,0.0,Overcast
2020-07-19 04:00:00,2020-07-19,26.4,95.94,0.0,Overcast
2020-07-19 05:00:00,2020-07-19,25.7,100.0,0.8,"Rain, Overcast"
2020-07-19 06:00:00,2020-07-19,27.3,88.33,0.0,Overcast
2020-07-19 07:00:00,2020-07-19,27.7,85.26,0.0,Overcast
2020-07-19 08:00:00,2020-07-19,26.2,100.0,0.0,Overcast
2020-07-19 09:00:00,2020-07-19,28.5,82.35,0.0,Overcast
2020-07-19 10:00:00,2020-07-19,30.0,75.97,0.0,Overcast
2020-07-19 11:00:00,2020-07-19,30.7,73.41,1.0,"Rain, Overcast"
2020-07-19 12:00:00,2020-07-19,30.6,76.96,0.0,Overcast
2020-07-19 13:00:00,2020-07-19,31.0,75.67,0.0,Overcast
2020-07-19 14:00:00,2020-07-19,32.4,75.0,0.0,Overcast
2020-07-19 15:00:00,2020-07-19,30.8,75.19,0.0,Overcast
2020-07-19 16:00:00,2020-07-19,29.5,78.65,0.0,Overcast
2020-07-19 17:00:00,2020-07-19,24.9,97.05,5.0,"Rain, Overcast"
2020-07-19 18:00:00,2020-07-19,27.6,85.25,0.0,Overcast
2020-07-19 19:00:00,2020-07-19,26.8,87.24,0.0,Overcast
2020-07-19 20:00:00,2020-07-19,23.7,98.21,0.0,Overcast
2020-07-19 21:00:00,2020-07-19,25.2,92.52,0.0,Overcast
2020-07-19 22:00:00,2020-07-19,24.9,91.94,0.0,Overcast
2020-07-19 23:00:00,2020-07-19,23.4,98.8,3.0,"Rain, Overcast"
2020-07-20 00:00:00,2020-07-20,24.6,92.48,0.0,Overcast
2020-07-20 01:00:00,2020-07-20,24.2,93.02,0.0,Overcast
2020-07-20 02:00:00,2020-07-20,22.9,98.79,0.0,Overcast
2020-07-20 03:00:00,2020-07-20,24.0,93.58,0.0,Overcast
2020-07-20 04:00:00,2020-07-20,23.8,94.71,0.0,Overcast
2020-07-20 05:00:00,2020-07-20,22.6,100.0,10.0,"Rain, Overcast"
2020-07-20 06:00:00,2020-07-20,24.3,91.35,0.0,Overcast
2020-07-20 07:00:00,2020-07-20,24.1,93.02,0.0,Overcast
2020-07-20 08:00:00,2020-07-20,22.4,100.0,20.0,"Rain, Overcast"
2020-07-20 09:00:00,2020-07-20,23.7,96.44,0.0,Overcast
2020-07-20 10:00:00,2020-07-20,24.2,93.02,0.0,Overcast
2020-07-20 11:00:00,2020-07-20,24.7,88.65,0.0,Overcast
2020-07-20 12:00:00,2020-07-20,24.5,88.1,0.0,Overcast
2020-07-20 13:00:00,2020-07-20,25.0,85.51,0.0,Overcast
2020-07-20 14:00:00,2020-07-20,24.7,90.83,0.7,"Rain, Overcast"
2020-07-20 15:00:00,2020-07-20,25.6,81.01,0.0,Overcast
2020-07-20 16:00:00,2020-07-20,25.0,86.03,0.0,Overcast
2020-07-20 17:00:00,2020-07-20,23.1,95.84,6.3,"Rain, Overcast"
2020-07-20 18:00:00,2020-07-20,23.8,93.57,0.0,Overcast
2020-07-20 19:00:00,2020-07-20,23.9,92.44,0.0,Overcast
2020-07-20 20:00:00,2020-07-20,22.2,96.99,3.7,"Rain, Overcast"
2020-07-20 21:00:00,2020-07-20,23.8,93.0,0.0,Overcast
2020-07-20 22:00:00,2020-07-20,23.7,93.56,0.0,Overcast
2020-07-20 23:00:00,2020-07-20,22.7,100.0,0.0,Overcast
2020-07-21 00:00:00,2020-07-21,24.1,93.58,0.0,Overcast
2020-07-21 01:00:00,2020-07-21,24.3,94.16,0.0,Overcast
2020-07-21 02:00:00,2020-07-21,23.1,100.0,0.4,"Rain, Overcast"
2020-07-21 03:00:00,2020-07-21,24.5,94.74,0.0,Overcast
2020-07-21 04:00:00,2020-07-21,24.5,95.31,0.0,Overcast
2020-07-21 05:00:00,2020-07-21,23.2,100.0,0.0,Overcast
2020-07-21 06:00:00,2020-07-21,25.3,91.97,0.0,Overcast
2020-07-21 07:00:00,2020-07-21,25.5,92.53,0.0,Overcast
2020-07-21 08:00:00,2020-07-21,24.4,95.88,0.0,Overcast
2020-07-21 09:00:00,2020-07-21,26.2,90.92,0.0,Overcast
2020-07-21 10:00:00,2020-07-21,27.8,82.76,0.0,Overcast
2020-07-21 11:00:00,2020-07-21,27.2,81.22,0.0,Overcast
2020-07-21 12:00:00,2020-07-21,28.4,80.88,0.0,Overcast
2020-07-21 13:00:00,2020-07-21,28.7,80.44,0.0,Overcast
2020-07-21 14:00:00,2020-07-21,27.7,78.87,0.0,Overcast
2020-07-21 15:00:00,2020-07-21,29.5,76.8,0.0,Overcast
2020-07-21 16:00:00,2020-07-21,29.4,78.17,0.0,Overcast
2020-07-21 17:00:00,2020-07-21,27.9,80.33,0.0,Overcast
2020-07-21 18:00:00,2020-07-21,27.3,86.76,0.0,Overcast
2020-07-21 19:00:00,2020-07-21,26.9,88.3,0.0,Overcast
2020-07-21 20:00:00,2020-07-21,25.4,95.91,0.0,Overcast
2020-07-21 21:00:00,2020-07-21,26.6,89.33,0.0,Overcast
2020-07-21 22:00:00,2020-07-21,26.2,91.47,0.0,Partially cloudy
2020-07-21 23:00:00,2020-07-21,24.6,98.81,0.0,Partially cloudy
2020-07-22 00:00:00,2020-07-22,26.0,93.67,0.0,Overcast
2020-07-22 01:00:00,2020-07-22,25.8,94.79,0.0,Overcast
2020-07-22 02:00:00,2020-07-22,24.1,100.0,0.0,Overcast
2020-07-22 03:00:00,2020-07-22,25.6,95.35,0.0,Partially cloudy
2020-07-22 04:00:00,2020-07-22,25.7,95.92,0.0,Partially cloudy
2020-07-22 05:00:00,2020-07-22,24.4,98.81,0.0,Partially cloudy
2020-07-22 06:00:00,2020-07-22,26.6,92.59,0.0,Overcast
2020-07-22 07:00:00,2020-07-22,27.2,91.53,0.0,Overcast
2020-07-22 08:00:00,2020-07-22,27.9,87.34,0.0,Overcast
2020-07-22 09:00:00,2020-07-22,28.2,89.45,0.0,Partially cloudy
2020-07-22 10:00:00,2020-07-22,30.0,82.53,0.0,Overcast
2020-07-22 11:00:00,2020-07-22,32.6,74.16,0.0,Overcast
2020-07-22 12:00:00,2020-07-22,31.0,80.73,0.0,Overcast
2020-07-22 13:00:00,2020-07-22,32.1,76.29,0.0,Overcast
2020-07-22 14:00:00,2020-07-22,36.2,49.31,0.0,Overcast
2020-07-22 15:00:00,2020-07-22,32.7,74.61,0.0,Overcast
2020-07-22 16:00:00,2020-07-22,32.4,77.68,0.0,Overcast
2020-07-22 17:00:00,2020-07-22,32.7,74.61,0.0,Overcast
2020-07-22 18:00:00,2020-07-22,32.3,80.43,0.0,Overcast
2020-07-22 19:00:00,2020-07-22,32.2,80.89,0.0,Overcast
2020-07-22 20:00:00,2020-07-22,30.7,67.93,0.0,Overcast
2020-07-22 21:00:00,2020-07-22,31.5,82.7,0.0,Overcast
2020-07-22 22:00:00,2020-07-22,31.1,84.61,0.0,Overcast
2020-07-22 23:00:00,2020-07-22,28.2,81.34,0.0,Overcast
2020-07-23 00:00:00,2020-07-23,30.8,85.57,0.0,Overcast
2020-07-23 01:00:00,2020-07-23,30.5,85.04,0.0,Overcast
2020-07-23 02:00:00,2020-07-23,29.9,71.54,0.0,Overcast
2020-07-23 03:00:00,2020-07-23,30.3,84.03,0.0,Overcast
2020-07-23 04:00:00,2020-07-23,29.9,84.98,0.0,Overcast
2020-07-23 05:00:00,2020-07-23,29.2,72.28,0.0,Overcast
2020-07-23 06:00:00,2020-07-23,30.2,80.63,0.0,Overcast
2020-07-23 07:00:00,2020-07-23,30.2,79.69,0.0,Overcast
2020-07-23 08:00:00,2020-07-23,29.7,75.47,0.0,Overcast
2020-07-23 09:00:00,2020-07-23,30.8,76.99,0.0,Overcast
2020-07-23 10:00:00,2020-07-23,31.6,72.7,0.0,Overcast
2020-07-23 11:00:00,2020-07-23,31.7,68.53,0.0,Partially cloudy
2020-07-23 12:00:00,2020-07-23,30.9,77.46,0.0,Partially cloudy
2020-07-23 13:00:00,2020-07-23,30.6,77.88,0.0,Partially cloudy
2020-07-23 14:00:00,2020-07-23,30.7,69.16,0.0,Partially cloudy
2020-07-23 15:00:00,2020-07-23,30.0,76.87,0.0,Partially cloudy
2020-07-23 16:00:00,2020-07-23,29.5,77.26,0.0,Partially cloudy
2020-07-23 17:00:00,2020-07-23,29.4,71.45,0.0,Partially cloudy
2020-07-23 18:00:00,2020-07-23,27.6,80.29,0.0,Partially cloudy
2020-07-23 19:00:00,2020-07-23,27.5,78.84,0.0,Overcast
2020-07-23 20:00:00,2020-07-23,26.2,83.58,0.4,"Rain, Overcast"
2020-07-23 21:00:00,2020-07-23,27.6,78.38,0.0,Overcast
2020-07-23 22:00:00,2020-07-23,27.2,80.73,0.0,Overcast
2020-07-23 23:00:00,2020-07-23,25.4,89.78,0.0,Overcast
2020-07-24 00:00:00,2020-07-24,26.7,84.65,0.0,Overcast
2020-07-24 01:00:00,2020-07-24,26.1,87.7,0.0,Overcast
2020-07-24 02:00:00,2020-07-24,25.2,94.2,1.0,"Rain, Overcast"
2020-07-24 03:00:00,2020-07-24,26.0,89.29,0.0,Partially cloudy
2020-07-24 04:00:00,2020-07-24,25.8,89.81,0.0,Overcast
2020-07-24 05:00:00,2020-07-24,24.7,98.22,6.0,"Rain, Overcast"
2020-07-24 06:00:00,2020-07-24,25.5,85.56,0.0,Overcast
2020-07-24 07:00:00,2020-07-24,25.5,84.52,0.0,Partially cloudy
2020-07-24 08:00:00,2020-07-24,24.9,97.05,0.0,Partially cloudy
2020-07-24 09:00:00,2020-07-24,25.5,79.53,0.0,Overcast
2020-07-24 10:00:00,2020-07-24,25.8,74.84,0.0,Overcast
2020-07-24 11:00:00,2020-07-24,24.2,88.61,1.9,"Rain, Overcast"
2020-07-24 12:00:00,2020-07-24,25.8,73.93,0.0,Overcast
2020-07-24 13:00:00,2020-07-24,26.0,73.06,0.0,Overcast
2020-07-24 14:00:00,2020-07-24,23.2,95.26,0.0,Overcast
2020-07-24 15:00:00,2020-07-24,25.4,77.59,0.0,Overcast
2020-07-24 16:00:00,2020-07-24,25.6,76.67,0.0,Overcast
2020-07-24 17:00:00,2020-07-24,22.9,91.27,2.0,"Rain, Partially cloudy"
2020-07-24 18:00:00,2020-07-24,25.5,77.13,0.0,Partially cloudy
2020-07-24 19:00:00,2020-07-24,25.4,77.59,0.0,Partially cloudy
2020-07-24 20:00:00,2020-07-24,22.4,91.23,0.0,Partially cloudy
2020-07-24 21:00:00,2020-07-24,25.0,78.97,0.0,Clear
2020-07-24 22:00:00,2020-07-24,24.3,83.37,0.0,Clear
2020-07-24 23:00:00,2020-07-24,22.6,91.81,0.0,Clear
2020-07-25 00:00:00,2020-07-25,23.5,84.31,0.0,Clear
2020-07-25 01:00:00,2020-07-25,23.0,86.36,0.0,Partially cloudy
2020-07-25 02:00:00,2020-07-25,22.4,91.23,0.0,Partially cloudy
2020-07-25 03:00:00,2020-07-25,22.5,88.47,0.0,Clear
2020-07-25 04:00:00,2020-07-25,22.3,88.46,0.0,Clear
2020-07-25 05:00:00,2020-07-25,21.9,96.99,0.0,Clear
2020-07-25 06:00:00,2020-07-25,23.1,83.23,0.0,Clear
2020-07-25 07:00:00,2020-07-25,23.5,81.75,0.0,Clear
2020-07-25 08:00:00,2020-07-25,24.7,85.47,0.0,Partially cloudy
2020-07-25 09:00:00,2020-07-25,24.9,78.48,0.0,Partially cloudy
2020-07-25 10:00:00,2020-07-25,26.9,69.71,0.0,Partially cloudy
2020-07-25 11:00:00,2020-07-25,30.2,54.1,0.0,Partially cloudy
2020-07-25 12:00:00,2020-07-25,28.1,67.83,0.0,Overcast
2020-07-25 13:00:00,2020-07-25,28.8,65.93,0.0,Overcast
2020-07-25 14:00:00,2020-07-25,30.7,63.18,0.0,Overcast
2020-07-25 15:00:00,2020-07-25,29.0,64.77,0.0,Overcast
2020-07-25 16:00:00,2020-07-25,28.8,65.52,0.0,Overcast
2020-07-25 17:00:00,2020-07-25,31.2,64.45,0.0,Overcast
2020-07-25 18:00:00,2020-07-25,28.1,74.31,0.0,Overcast
2020-07-25 19:00:00,2020-07-25,27.5,76.96,0.0,Overcast
2020-07-25 20:00:00,2020-07-25,27.2,76.45,0.0,Overcast
2020-07-25 21:00:00,2020-07-25,27.4,78.36,0.0,Overcast
2020-07-25 22:00:00,2020-07-25,26.8,81.66,0.0,Overcast
2020-07-25 23:00:00,2020-07-25,24.7,88.12,0.0,Overcast
2020-07-26 00:00:00,2020-07-26,25.9,88.21,0.0,Overcast
2020-07-26 01:00:00,2020-07-26,25.2,93.07,0.0,Overcast
2020-07-26 02:00:00,2020-07-26,23.1,98.8,0.0,Overcast
2020-07-26 03:00:00,2020-07-26,24.7,94.18,0.0,Overcast
2020-07-26 04:00:00,2020-07-26,24.6,93.04,0.0,Overcast
2020-07-26 05:00:00,2020-07-26,22.6,100.0,0.0,Overcast
2020-07-26 06:00:00,2020-07-26,25.0,89.76,0.0,Overcast
2020-07-26 07:00:00,2020-07-26,25.3,90.32,0.0,Overcast
2020-07-26 08:00:00,2020-07-26,25.4,94.21,0.0,Overcast
2020-07-26 09:00:00,2020-07-26,26.3,87.19,0.0,Overcast
2020-07-26 10:00:00,2020-07-26,27.6,78.86,0.0,Overcast
2020-07-26 11:00:00,2020-07-26,30.6,65.5,0.0,Overcast
2020-07-26 12:00:00,2020-07-26,28.0,74.75,0.0,Overcast
2020-07-26 13:00:00,2020-07-26,28.1,74.31,0.0,Overcast
2020-07-26 14:00:00,2020-07-26,29.9,72.41,0.0,Overcast
2020-07-26 15:00:00,2020-07-26,28.1,76.13,0.0,Overcast
2020-07-26 16:00:00,2020-07-26,28.0,79.39,0.0,Overcast
2020-07-26 17:00:00,2020-07-26,29.1,71.4,0.0,Overcast
2020-07-26 18:00:00,2020-07-26,27.0,83.17,0.0,Overcast
2020-07-26 19:00:00,2020-07-26,26.9,85.18,0.0,Overcast
2020-07-26 20:00:00,2020-07-26,26.9,90.43,3.0,"Rain, Overcast"
2020-07-26 21:00:00,2020-07-26,26.7,88.81,0.0,Overcast
2020-07-26 22:00:00,2020-07-26,26.2,89.3,0.0,Overcast
2020-07-26 23:00:00,2020-07-26,25.2,98.23,5.0,"Rain, Overcast"
2020-07-27 00:00:00,2020-07-27,25.2,85.01,0.0,Overcast
2020-07-27 01:00:00,2020-07-27,24.6,89.18,0.0,Overcast
2020-07-27 02:00:00,2020-07-27,25.1,100.0,0.0,Overcast
2020-07-27 03:00:00,2020-07-27,24.8,93.62,0.0,Overcast
2020-07-27 04:00:00,2020-07-27,25.1,94.19,0.0,Overcast
2020-07-27 05:00:00,2020-07-27,25.2,100.0,0.1,"Rain, Overcast"
2020-07-27 06:00:00,2020-07-27,25.9,93.11,0.0,Overcast
2020-07-27 07:00:00,2020-07-27,26.2,92.57,0.0,Overcast
2020-07-27 08:00:00,2020-07-27,25.4,98.82,0.0,Overcast
2020-07-27 09:00:00,2020-07-27,26.4,92.03,0.0,Overcast
2020-07-27 10:00:00,2020-07-27,27.2,84.7,0.0,Overcast
2020-07-27 11:00:00,2020-07-27,25.9,97.08,10.0,"Rain, Overcast"
2020-07-27 12:00:00,2020-07-27,27.7,81.28,0.0,Overcast
2020-07-27 13:00:00,2020-07-27,28.9,76.71,0.0,Overcast
2020-07-27 14:00:00,2020-07-27,29.7,76.37,5.0,"Rain, Overcast"
2020-07-27 15:00:00,2020-07-27,29.5,74.99,0.0,Overcast
2020-07-27 16:00:00,2020-07-27,29.8,74.59,0.0,Overcast
2020-07-27 17:00:00,2020-07-27,29.2,77.68,0.0,Overcast
2020-07-27 18:00:00,2020-07-27,28.5,81.38,0.0,Overcast
2020-07-27 19:00:00,2020-07-27,28.5,80.41,0.0,Overcast
2020-07-27 20:00:00,2020-07-27,26.7,88.81,0.0,Overcast
2020-07-27 21:00:00,2020-07-27,27.8,86.29,0.0,Overcast
2020-07-27 22:00:00,2020-07-27,27.5,88.87,0.0,Overcast
2020-07-27 23:00:00,2020-07-27,25.7,97.07,0.0,Overcast
2020-07-28 00:00:00,2020-07-28,27.4,89.39,0.0,Overcast
2020-07-28 01:00:00,2020-07-28,26.7,93.7,0.0,Overcast
2020-07-28 02:00:00,2020-07-28,25.7,98.23,0.0,Overcast
2020-07-28 03:00:00,2020-07-28,26.6,94.26,0.0,Overcast
2020-07-28 04:00:00,2020-07-28,26.5,94.25,0.0,Partially cloudy
2020-07-28 05:00:00,2020-07-28,25.4,98.82,7.0,"Rain, Overcast"
2020-07-28 06:00:00,2020-07-28,27.0,91.52,0.0,Overcast
2020-07-28 07:00:00,2020-07-28,27.1,91.52,0.0,Overcast
2020-07-28 08:00:00,2020-07-28,24.7,100.0,11.0,"Rain, Overcast"
2020-07-28 09:00:00,2020-07-28,27.7,92.65,0.0,Overcast
2020-07-28 10:00:00,2020-07-28,29.2,83.91,0.0,Overcast
2020-07-28 11:00:00,2020-07-28,25.9,95.93,3.0,"Rain, Overcast"
2020-07-28 12:00:00,2020-07-28,29.8,82.02,0.0,Overcast
2020-07-28 13:00:00,2020-07-28,29.4,82.46,0.0,Overcast
2020-07-28 14:00:00,2020-07-28,27.1,89.37,0.0,Overcast
2020-07-28 15:00:00,2020-07-28,29.1,87.96,0.0,Overcast
2020-07-28 16:00:00,2020-07-28,29.3,86.44,0.0,Overcast
2020-07-28 17:00:00,2020-07-28,27.7,89.95,0.7,"Rain, Overcast"
2020-07-28 18:00:00,2020-07-28,28.4,92.14,0.0,Overcast
2020-07-28 19:00:00,2020-07-28,28.2,91.59,0.0,Overcast
2020-07-28 20:00:00,2020-07-28,26.7,95.38,0.0,Overcast
2020-07-28 21:00:00,2020-07-28,28.3,89.99,0.0,Overcast
2020-07-28 22:00:00,2020-07-28,28.2,90.52,0.0,Overcast
2020-07-28 23:00:00,2020-07-28,25.9,98.82,0.0,Overcast
2020-07-29 00:00:00,2020-07-29,27.8,91.57,0.0,Overcast
2020-07-29 01:00:00,2020-07-29,27.6,92.64,0.0,Overcast
2020-07-29 02:00:00,2020-07-29,25.9,100.0,0.0,Overcast
2020-07-29 03:00:00,2020-07-29,27.5,94.29,0.0,Overcast
2020-07-29 04:00:00,2020-07-29,27.3,95.4,0.0,Overcast
2020-07-29 05:00:00,2020-07-29,25.2,100.0,0.0,Overcast
2020-07-29 06:00:00,2020-07-29,27.6,93.74,0.0,Overcast
2020-07-29 07:00:00,2020-07-29,27.9,92.11,0.0,Overcast
2020-07-29 08:00:00,2020-07-29,27.4,95.97,0.0,Overcast
2020-07-29 09:00:00,2020-07-29,29.2,87.45,0.1,"Rain, Overcast"
2020-07-29 10:00:00,2020-07-29,30.3,82.08,0.3,"Rain, Overcast"
2020-07-29 11:00:00,2020-07-29,29.9,86.49,0.0,Overcast
2020-07-29 12:00:00,2020-07-29,31.1,79.34,0.2,"Rain, Overcast"
2020-07-29 13:00:00,2020-07-29,31.9,76.26,0.2,"Rain, Overcast"
2020-07-29 14:00:00,2020-07-29,31.2,79.35,0.0,Overcast
2020-07-29 15:00:00,2020-07-29,30.8,78.37,0.0,Partially cloudy
2020-07-29 16:00:00,2020-07-29,29.4,84.43,0.1,"Rain, Overcast"
2020-07-29 17:00:00,2020-07-29,31.6,74.88,0.0,Overcast
2020-07-29 18:00:00,2020-07-29,29.5,85.44,0.0,Overcast
2020-07-29 19:00:00,2020-07-29,29.3,86.95,0.0,Overcast
2020-07-29 20:00:00,2020-07-29,28.2,92.67,0.0,Overcast
2020-07-29 21:00:00,2020-07-29,29.0,88.47,0.1,"Rain, Overcast"
2020-07-29 22:00:00,2020-07-29,28.8,89.5,0.1,"Rain, Overcast"
2020-07-29 23:00:00,2020-07-29,26.4,95.94,0.0,Overcast
2020-07-30 00:00:00,2020-07-30,29.2,87.45,0.0,Overcast
2020-07-30 01:00:00,2020-07-30,28.9,88.46,0.0,Overcast
2020-07-30 02:00:00,2020-07-30,26.2,98.24,0.1,"Rain, Overcast"
2020-07-30 03:00:00,2020-07-30,28.5,87.91,0.0,Overcast
2020-07-30 04:00:00,2020-07-30,28.3,87.37,0.0,Overcast
2020-07-30 05:00:00,2020-07-30,26.1,98.82,0.0,Overcast
2020-07-30 06:00:00,2020-07-30,28.5,86.36,0.0,Overcast
2020-07-30 07:00:00,2020-07-30,28.6,86.37,0.0,Overcast
2020-07-30 08:00:00,2020-07-30,28.2,96.56,0.0,Overcast
2020-07-30 09:00:00,2020-07-30,29.2,84.41,0.0,Overcast
2020-07-30 10:00:00,2020-07-30,30.5,76.95,0.0,Overcast
2020-07-30 11:00:00,2020-07-30,31.9,74.92,0.0,Overcast
2020-07-30 12:00:00,2020-07-30,31.2,74.81,0.0,Overcast
2020-07-30 13:00:00,2020-07-30,31.8,72.73,0.0,Overcast
2020-07-30 14:00:00,2020-07-30,32.4,71.98,0.0,Overcast
2020-07-30 15:00:00,2020-07-30,32.9,69.16,0.0,Overcast
2020-07-30 16:00:00,2020-07-30,32.7,70.77,0.0,Overcast
2020-07-30 17:00:00,2020-07-30,31.4,74.84,0.0,Overcast
2020-07-30 18:00:00,2020-07-30,30.4,78.31,0.0,Overcast
2020-07-30 19:00:00,2020-07-30,30.1,80.14,0.0,Overcast
2020-07-30 20:00:00,2020-07-30,29.9,80.59,0.0,Overcast
2020-07-30 21:00:00,2020-07-30,29.5,81.5,0.0,Overcast
2020-07-30 22:00:00,2020-07-30,29.0,84.39,0.0,Overcast
2020-07-30 23:00:00,2020-07-30,28.6,92.15,0.0,Overcast
2020-07-31 00:00:00,2020-07-31,28.8,85.37,0.0,Overcast
2020-07-31 01:00:00,2020-07-31,28.5,86.87,0.0,Overcast
2020-07-31 02:00:00,2020-07-31,27.9,95.99,0.0,Overcast
2020-07-31 03:00:00,2020-07-31,28.2,87.36,0.0,Overcast
2020-07-31 04:00:00,2020-07-31,28.0,88.39,0.0,Overcast
2020-07-31 05:00:00,2020-07-31,27.2,94.28,0.0,Overcast
2020-07-31 06:00:00,2020-07-31,28.6,86.88,0.0,Overcast
2020-07-31 07:00:00,2020-07-31,28.6,86.88,0.0,Overcast
2020-07-31 08:00:00,2020-07-31,28.9,83.88,0.0,Overcast
2020-07-31 09:00:00,2020-07-31,29.0,86.41,0.0,Overcast
2020-07-31 10:00:00,2020-07-31,30.3,77.84,0.0,Partially cloudy
2020-07-31 11:00:00,2020-07-31,32.2,67.41,0.0,Partially cloudy
2020-07-31 12:00:00,2020-07-31,31.2,74.81,0.0,Overcast
2020-07-31 13:00:00,2020-07-31,31.6,73.13,0.0,Partially cloudy
2020-07-31 14:00:00,2020-07-31,34.9,58.99,0.0,Partially cloudy
2020-07-31 15:00:00,2020-07-31,32.3,69.46,0.0,Overcast
2020-07-31 16:00:00,2020-07-31,32.1,71.09,0.0,Overcast
2020-07-31 17:00:00,2020-07-31,34.2,62.8,0.0,Overcast
2020-07-31 18:00:00,2020-07-31,30.8,81.18,0.0,Overcast
2020-07-31 19:00:00,2020-07-31,30.4,82.09,0.0,Overcast
2020-07-31 20:00:00,2020-07-31,30.6,78.34,0.0,Overcast
2020-07-31 21:00:00,2020-07-31,30.1,81.58,0.0,Overcast
2020-07-31 22:00:00,2020-07-31,29.6,83.46,0.0,Overcast
2020-07-31 23:00:00,2020-07-31,29.4,85.43,0.0,Overcast
2020-08-01 00:00:00,2020-08-01,29.2,83.42,0.0,Overcast
2020-08-01 01:00:00,2020-08-01,28.8,85.88,0.0,Overcast
2020-08-01 02:00:00,2020-08-01,27.6,94.85,0.0,Overcast
2020-08-01 03:00:00,2020-08-01,28.4,86.35,0.0,Overcast
2020-08-01 04:00:00,2020-08-01,28.3,86.34,0.0,Partially cloudy
2020-08-01 05:00:00,2020-08-01,27.1,94.84,0.0,Partially cloudy
2020-08-01 06:00:00,2020-08-01,29.4,80.05,0.0,Partially cloudy
2020-08-01 07:00:00,2020-08-01,29.5,80.54,0.0,Partially cloudy
2020-08-01 08:00:00,2020-08-01,31.7,72.29,0.0,Partially cloudy
2020-08-01 09:00:00,2020-08-01,30.0,79.66,0.0,Clear
2020-08-01 10:00:00,2020-08-01,31.6,71.0,0.0,Clear
2020-08-01 11:00:00,2020-08-01,35.7,53.81,0.0,Clear
2020-08-01 12:00:00,2020-08-01,32.7,69.53,0.0,Clear
2020-08-01 13:00:00,2020-08-01,33.8,66.54,0.0,Partially cloudy
2020-08-01 14:00:00,2020-08-01,37.2,51.06,0.0,Partially cloudy
2020-08-01 15:00:00,2020-08-01,34.3,65.47,0.0,Partially cloudy
2020-08-01 16:00:00,2020-08-01,33.9,67.74,0.0,Partially cloudy
2020-08-01 17:00:00,2020-08-01,32.9,69.98,0.0,Overcast
2020-08-01 18:00:00,2020-08-01,32.9,71.23,0.0,Overcast
2020-08-01 19:00:00,2020-08-01,32.7,69.94,0.0,Overcast
2020-08-01 20:00:00,2020-08-01,30.4,79.24,0.0,Overcast
2020-08-01 21:00:00,2020-08-01,31.9,75.37,0.0,Partially cloudy
2020-08-01 22:00:00,2020-08-01,31.3,78.9,0.0,Partially cloudy
2020-08-01 23:00:00,2020-08-01,28.7,90.02,0.0,Partially cloudy
2020-08-02 00:00:00,2020-08-02,30.9,77.46,0.0,Partially cloudy
2020-08-02 01:00:00,2020-08-02,30.5,77.87,0.0,Overcast
2020-08-02 02:00:00,2020-08-02,28.7,84.86,0.0,Overcast
2020-08-02 03:00:00,2020-08-02,29.9,77.78,0.0,Overcast
2020-08-02 04:00:00,2020-08-02,29.3,78.62,0.0,Overcast
2020-08-02 05:00:00,2020-08-02,26.7,95.38,0.0,Overcast
2020-08-02 06:00:00,2020-08-02,29.6,74.11,0.0,Overcast
2020-08-02 07:00:00,2020-08-02,29.5,75.89,0.0,Overcast
2020-08-02 08:00:00,2020-08-02,31.9,67.75,0.0,Overcast
2020-08-02 09:00:00,2020-08-02,29.8,77.3,0.0,Partially cloudy
2020-08-02 10:00:00,2020-08-02,31.3,70.94,0.0,Partially cloudy
2020-08-02 11:00:00,2020-08-02,35.6,55.09,0.0,Overcast
2020-08-02 12:00:00,2020-08-02,32.2,69.85,0.0,Partially cloudy
2020-08-02 13:00:00,2020-08-02,33.0,67.57,0.0,Partially cloudy
2020-08-02 14:00:00,2020-08-02,36.7,50.33,0.0,Overcast
2020-08-02 15:00:00,2020-08-02,34.0,65.03,0.0,Overcast
2020-08-02 16:00:00,2020-08-02,34.0,66.58,0.0,Overcast
2020-08-02 17:00:00,2020-08-02,34.7,59.3,0.0,Overcast
2020-08-02 18:00:00,2020-08-02,32.9,71.23,0.0,Overcast
2020-08-02 19:00:00,2020-08-02,32.7,72.89,0.0,Overcast
2020-08-02 20:00:00,2020-08-02,31.1,83.14,0.0,Overcast
2020-08-02 21:00:00,2020-08-02,32.0,75.38,0.0,Partially cloudy
2020-08-02 22:00:00,2020-08-02,31.3,76.17,0.0,Partially cloudy
2020-08-02 23:00:00,2020-08-02,29.4,93.28,0.0,Partially cloudy
2020-08-03 00:00:00,2020-08-03,30.6,72.96,0.0,Overcast
2020-08-03 01:00:00,2020-08-03,30.0,73.3,0.0,Overcast
2020-08-03 02:00:00,2020-08-03,28.9,81.43,0.0,Partially cloudy
2020-08-03 03:00:00,2020-08-03,29.3,75.4,0.0,Partially cloudy
2020-08-03 04:00:00,2020-08-03,28.5,79.93,0.0,Partially cloudy
2020-08-03 05:00:00,2020-08-03,26.9,92.61,0.0,Partially cloudy
2020-08-03 06:00:00,2020-08-03,29.2,77.21,0.0,Partially cloudy
2020-08-03 07:00:00,2020-08-03,29.3,78.62,0.0,Partially cloudy
2020-08-03 08:00:00,2020-08-03,32.2,68.62,0.0,Partially cloudy
2020-08-03 09:00:00,2020-08-03,30.0,76.42,0.0,Partially cloudy
2020-08-03 10:00:00,2020-08-03,31.4,69.29,0.0,Partially cloudy
2020-08-03 11:00:00,2020-08-03,34.9,57.26,0.0,Partially cloudy
2020-08-03 12:00:00,2020-08-03,32.6,66.3,0.0,Partially cloudy
2020-08-03 13:00:00,2020-08-03,33.4,63.76,0.0,Partially cloudy
2020-08-03 14:00:00,2020-08-03,36.6,55.98,0.0,Clear
2020-08-03 15:00:00,2020-08-03,33.7,63.07,0.0,Clear
2020-08-03 16:00:00,2020-08-03,33.4,64.52,0.0,Clear
2020-08-03 17:00:00,2020-08-03,34.4,58.88,0.0,Clear
2020-08-03 18:00:00,2020-08-03,31.7,73.15,0.0,Clear
2020-08-03 19:00:00,2020-08-03,30.9,75.21,0.0,Clear
2020-08-03 20:00:00,2020-08-03,31.2,76.6,0.0,Clear
2020-08-03 21:00:00,2020-08-03,30.2,76.9,0.0,Clear
2020-08-03 22:00:00,2020-08-03,29.4,79.58,0.0,Clear
2020-08-03 23:00:00,2020-08-03,29.4,78.17,0.0,Clear
2020-08-04 00:00:00,2020-08-04,29.2,79.55,0.0,Clear
2020-08-04 01:00:00,2020-08-04,28.6,83.85,0.0,Clear
2020-08-04 02:00:00,2020-08-04,28.1,83.79,0.0,Clear
2020-08-04 03:00:00,2020-08-04,28.2,85.31,0.0,Clear
2020-08-04 04:00:00,2020-08-04,28.0,86.31,0.0,Clear
2020-08-04 05:00:00,2020-08-04,27.4,91.54,0.0,Partially cloudy
2020-08-04 06:00:00,2020-08-04,28.7,83.36,0.0,Partially cloudy
2020-08-04 07:00:00,2020-08-04,28.8,82.88,0.0,Partially cloudy
2020-08-04 08:00:00,2020-08-04,29.9,77.78,0.0,Partially cloudy
2020-08-04 09:00:00,2020-08-04,29.6,80.08,0.0,Overcast
2020-08-04 10:00:00,2020-08-04,30.7,74.73,0.0,Overcast
2020-08-04 11:00:00,2020-08-04,31.2,74.37,0.0,Overcast
2020-08-04 12:00:00,2020-08-04,31.0,74.78,0.1,"Rain, Overcast"
2020-08-04 13:00:00,2020-08-04,31.0,74.78,0.1,"Rain, Overcast"
2020-08-04 14:00:00,2020-08-04,32.6,67.09,0.0,Overcast
2020-08-04 15:00:00,2020-08-04,31.1,74.36,0.0,Partially cloudy
2020-08-04 16:00:00,2020-08-04,30.7,75.62,0.0,Partially cloudy
2020-08-04 17:00:00,2020-08-04,31.2,70.5,0.0,Partially cloudy
2020-08-04 18:00:00,2020-08-04,28.8,84.37,0.1,"Rain, Partially cloudy"
2020-08-04 19:00:00,2020-08-04,28.5,84.84,0.1,"Rain, Partially cloudy"
2020-08-04 20:00:00,2020-08-04,29.2,79.08,0.0,Partially cloudy
2020-08-04 21:00:00,2020-08-04,28.0,87.34,0.5,"Rain, Partially cloudy"
2020-08-04 22:00:00,2020-08-04,27.5,90.47,1.1,"Rain, Partially cloudy"
2020-08-04 23:00:00,2020-08-04,29.2,80.98,0.0,Overcast
2020-08-05 00:00:00,2020-08-05,27.4,90.46,2.6,"Rain, Overcast"
2020-08-05 01:00:00,2020-08-05,27.1,93.17,4.3,"Rain, Overcast"
2020-08-05 02:00:00,2020-08-05,28.6,85.35,0.0,Overcast
2020-08-05 03:00:00,2020-08-05,27.0,94.83,1.2,"Rain, Partially cloudy"
2020-08-05 04:00:00,2020-08-05,27.0,94.27,0.9,"Rain, Partially cloudy"
2020-08-05 05:00:00,2020-08-05,28.2,94.32,0.0,Partially cloudy
2020-08-05 06:00:00,2020-08-05,27.9,89.96,0.1,"Rain, Partially cloudy"
2020-08-05 07:00:00,2020-08-05,28.0,91.04,0.2,"Rain, Partially cloudy"
2020-08-05 08:00:00,2020-08-05,31.1,77.49,0.0,Partially cloudy
2020-08-05 09:00:00,2020-08-05,28.4,90.53,1.3,Rain
2020-08-05 10:00:00,2020-08-05,29.9,83.5,0.1,Rain
2020-08-05 11:00:00,2020-08-05,34.4,65.11,0.0,Clear
2020-08-05 12:00:00,2020-08-05,31.6,79.41,0.0,Partially cloudy
2020-08-05 13:00:00,2020-08-05,33.3,72.99,0.0,Partially cloudy
2020-08-05 14:00:00,2020-08-05,37.1,55.12,0.0,Partially cloudy
2020-08-05 15:00:00,2020-08-05,32.4,75.44,0.0,Partially cloudy
2020-08-05 16:00:00,2020-08-05,32.5,75.46,0.0,Partially cloudy
2020-08-05 17:00:00,2020-08-05,36.4,56.6,0.0,Overcast
2020-08-05 18:00:00,2020-08-05,32.5,74.58,0.0,Overcast
2020-08-05 19:00:00,2020-08-05,32.3,74.99,0.0,Overcast
2020-08-05 20:00:00,2020-08-05,33.1,70.02,0.0,Partially cloudy
2020-08-05 21:00:00,2020-08-05,31.9,75.81,0.0,Overcast
2020-08-05 22:00:00,2020-08-05,31.4,78.45,0.0,Overcast
2020-08-05 23:00:00,2020-08-05,31.2,77.97,0.0,Overcast
2020-08-06 00:00:00,2020-08-06,31.0,80.73,0.0,Overcast
2020-08-06 01:00:00,2020-08-06,30.5,82.59,0.0,Overcast
2020-08-06 02:00:00,2020-08-06,31.4,69.29,0.0,Overcast
2020-08-06 03:00:00,2020-08-06,30.2,83.53,0.0,Overcast
2020-08-06 04:00:00,2020-08-06,30.0,84.49,0.0,Overcast
2020-08-06 05:00:00,2020-08-06,30.6,71.67,0.0,Overcast
2020-08-06 06:00:00,2020-08-06,30.2,83.04,0.0,Overcast
2020-08-06 07:00:00,2020-08-06,30.4,82.09,0.0,Overcast
2020-08-06 08:00:00,2020-08-06,31.2,67.21,0.0,Overcast
2020-08-06 09:00:00,2020-08-06,30.9,79.78,0.0,Overcast
2020-08-06 10:00:00,2020-08-06,32.2,73.23,0.0,Overcast
2020-08-06 11:00:00,2020-08-06,34.2,57.44,0.0,Overcast
2020-08-06 12:00:00,2020-08-06,32.3,73.25,0.3,"Rain, Overcast"
2020-08-06 13:00:00,2020-08-06,32.0,73.63,1.9,"Rain, Overcast"
2020-08-06 14:00:00,2020-08-06,34.1,58.11,0.0,Overcast
2020-08-06 15:00:00,2020-08-06,32.6,70.76,0.1,"Rain, Overcast"
2020-08-06 16:00:00,2020-08-06,32.3,72.82,0.0,Overcast
2020-08-06 17:00:00,2020-08-06,33.4,61.16,0.0,Overcast
2020-08-06 18:00:00,2020-08-06,31.8,77.59,0.0,Overcast
2020-08-06 19:00:00,2020-08-06,31.7,78.04,0.0,Overcast
2020-08-06 20:00:00,2020-08-06,30.4,79.24,0.0,Partially cloudy
2020-08-06 21:00:00,2020-08-06,31.6,78.48,0.0,Overcast
2020-08-06 22:00:00,2020-08-06,31.3,80.77,0.0,Overcast
2020-08-06 23:00:00,2020-08-06,29.9,83.01,0.0,Overcast
2020-08-07 00:00:00,2020-08-07,31.0,81.21,0.0,Overcast
2020-08-07 01:00:00,2020-08-07,30.6,83.57,0.0,Overcast
2020-08-07 02:00:00,2020-08-07,29.7,81.53,0.0,Overcast
2020-08-07 03:00:00,2020-08-07,30.5,83.56,0.0,Overcast
2020-08-07 04:00:00,2020-08-07,30.4,83.06,0.0,Overcast
2020-08-07 05:00:00,2020-08-07,29.9,73.72,0.0,Overcast
2020-08-07 06:00:00,2020-08-07,30.5,79.73,0.0,Overcast
2020-08-07 07:00:00,2020-08-07,30.7,79.75,0.0,Overcast
2020-08-07 08:00:00,2020-08-07,30.9,69.2,0.0,Overcast
2020-08-07 09:00:00,2020-08-07,31.2,77.51,0.0,Overcast
2020-08-07 10:00:00,2020-08-07,32.4,72.41,0.0,Overcast
2020-08-07 11:00:00,2020-08-07,34.9,56.25,0.0,Overcast
2020-08-07 12:00:00,2020-08-07,33.2,68.41,0.1,"Rain, Overcast"
2020-08-07 13:00:00,2020-08-07,33.1,67.99,1.1,"Rain, Overcast"
2020-08-07 14:00:00,2020-08-07,35.4,54.06,0.0,Overcast
2020-08-07 15:00:00,2020-08-07,33.4,64.9,0.0,Overcast
2020-08-07 16:00:00,2020-08-07,33.0,69.18,0.2,"Rain, Overcast"
2020-08-07 17:00:00,2020-08-07,33.4,64.9,0.0,Overcast
2020-08-07 18:00:00,2020-08-07,30.2,79.69,0.1,"Rain, Overcast"
2020-08-07 19:00:00,2020-08-07,30.3,77.84,0.0,Overcast
2020-08-07 20:00:00,2020-08-07,32.1,65.8,0.0,Overcast
2020-08-07 21:00:00,2020-08-07,30.5,77.41,0.0,Overcast
2020-08-07 22:00:00,2020-08-07,30.4,78.31,0.0,Overcast
2020-08-07 23:00:00,2020-08-07,31.2,69.25,0.0,Overcast
2020-08-08 00:00:00,2020-08-08,30.1,81.1,0.0,Overcast
2020-08-08 01:00:00,2020-08-08,29.7,84.46,0.0,Overcast
2020-08-08 02:00:00,2020-08-08,29.7,76.83,0.0,Overcast
2020-08-08 03:00:00,2020-08-08,29.3,84.92,0.1,"Rain, Overcast"
2020-08-08 04:00:00,2020-08-08,28.8,85.88,0.1,"Rain, Overcast"
2020-08-08 05:00:00,2020-08-08,30.6,69.56,0.0,Overcast
2020-08-08 06:00:00,2020-08-08,28.9,83.38,0.7,"Rain, Overcast"
2020-08-08 07:00:00,2020-08-08,28.9,83.38,0.3,"Rain, Overcast"
2020-08-08 08:00:00,2020-08-08,31.1,70.91,0.0,Overcast
2020-08-08 09:00:00,2020-08-08,29.2,83.91,0.4,"Rain, Overcast"
2020-08-08 10:00:00,2020-08-08,29.2,82.44,0.4,"Rain, Overcast"
2020-08-08 11:00:00,2020-08-08,29.2,77.68,0.0,Overcast
2020-08-08 12:00:00,2020-08-08,29.5,80.54,0.2,"Rain, Overcast"
2020-08-08 13:00:00,2020-08-08,30.2,79.69,0.3,"Rain, Overcast"
2020-08-08 14:00:00,2020-08-08,30.7,81.65,0.0,Overcast
2020-08-08 15:00:00,2020-08-08,31.0,79.32,0.2,"Rain, Overcast"
2020-08-08 16:00:00,2020-08-08,31.5,81.27,0.2,"Rain, Overcast"
2020-08-08 17:00:00,2020-08-08,33.1,66.0,0.0,Overcast
2020-08-08 18:00:00,2020-08-08,31.0,81.21,0.0,Overcast
2020-08-08 19:00:00,2020-08-08,30.8,83.11,0.0,Overcast
2020-08-08 20:00:00,2020-08-08,30.7,77.89,0.0,Overcast
2020-08-08 21:00:00,2020-08-08,31.1,80.75,0.0,Overcast
2020-08-08 22:00:00,2020-08-08,31.2,80.29,0.0,Overcast
2020-08-08 23:00:00,2020-08-08,30.6,73.83,0.0,Overcast
2020-08-09 00:00:00,2020-08-09,30.8,81.18,0.0,Overcast
2020-08-09 01:00:00,2020-08-09,30.3,83.54,0.0,Overcast
2020-08-09 02:00:00,2020-08-09,30.2,75.55,0.0,Overcast
2020-08-09 03:00:00,2020-08-09,29.9,83.5,0.0,Overcast
2020-08-09 04:00:00,2020-08-09,29.9,83.01,0.0,Overcast
2020-08-09 05:00:00,2020-08-09,29.4,81.49,0.0,Overcast
2020-08-09 06:00:00,2020-08-09,30.1,80.14,0.0,Overcast
2020-08-09 07:00:00,2020-08-09,30.3,80.64,0.0,Overcast
2020-08-09 08:00:00,2020-08-09,31.7,71.44,0.0,Overcast
2020-08-09 09:00:00,2020-08-09,30.5,81.62,0.0,Overcast
2020-08-09 10:00:00,2020-08-09,31.6,77.57,0.0,Overcast
2020-08-09 11:00:00,2020-08-09,33.1,66.79,0.0,Overcast
2020-08-09 12:00:00,2020-08-09,33.0,74.66,0.0,Overcast
2020-08-09 13:00:00,2020-08-09,33.6,71.35,0.0,Overcast
2020-08-09 14:00:00,2020-08-09,35.2,56.32,0.0,Partially cloudy
2020-08-09 15:00:00,2020-08-09,32.6,73.73,0.0,Partially cloudy
2020-08-09 16:00:00,2020-08-09,32.3,78.58,0.0,Overcast
2020-08-09 17:00:00,2020-08-09,30.4,84.04,0.0,Overcast
2020-08-09 18:00:00,2020-08-09,31.6,79.41,0.0,Overcast
2020-08-09 19:00:00,2020-08-09,30.8,82.62,0.0,Overcast
2020-08-09 20:00:00,2020-08-09,27.1,97.68,10.0,"Rain, Overcast"
2020-08-09 21:00:00,2020-08-09,29.4,88.5,0.0,Overcast
2020-08-09 22:00:00,2020-08-09,29.2,89.53,0.0,Overcast
2020-08-09 23:00:00,2020-08-09,27.6,100.0,0.0,Overcast
2020-08-10 00:00:00,2020-08-10,28.9,88.98,0.0,Overcast
2020-08-10 01:00:00,2020-08-10,28.4,91.06,0.0,Overcast
2020-08-10 02:00:00,2020-08-10,27.7,98.26,0.0,Overcast
2020-08-10 03:00:00,2020-08-10,28.6,88.96,0.0,Partially cloudy
2020-08-10 04:00:00,2020-08-10,28.7,88.97,0.0,Partially cloudy
2020-08-10 05:00:00,2020-08-10,27.7,94.3,0.0,Partially cloudy
2020-08-10 06:00:00,2020-08-10,29.7,86.47,0.0,Overcast
2020-08-10 07:00:00,2020-08-10,29.8,86.99,0.0,Overcast
2020-08-10 08:00:00,2020-08-10,28.2,91.59,0.3,"Rain, Overcast"
2020-08-10 09:00:00,2020-08-10,28.8,85.37,0.0,Partially cloudy
2020-08-10 10:00:00,2020-08-10,29.1,84.9,0.0,Overcast
2020-08-10 11:00:00,2020-08-10,29.4,81.49,0.0,Overcast
2020-08-10 12:00:00,2020-08-10,30.0,84.0,0.0,Overcast
2020-08-10 13:00:00,2020-08-10,30.2,82.55,0.0,Overcast
2020-08-10 14:00:00,2020-08-10,27.1,88.84,5.0,"Rain, Overcast"
2020-08-10 15:00:00,2020-08-10,30.9,80.25,0.0,Overcast
2020-08-10 16:00:00,2020-08-10,29.6,85.45,0.0,Overcast
2020-08-10 17:00:00,2020-08-10,28.2,83.8,0.0,Overcast
2020-08-10 18:00:00,2020-08-10,28.1,90.51,0.0,Overcast
2020-08-10 19:00:00,2020-08-10,27.1,92.62,0.0,Overcast
2020-08-10 20:00:00,2020-08-10,27.1,94.84,0.0,Overcast
2020-08-10 21:00:00,2020-08-10,26.9,92.06,0.0,Overcast
2020-08-10 22:00:00,2020-08-10,26.5,94.25,0.0,Overcast
2020-08-10 23:00:00,2020-08-10,26.9,95.96,0.0,Overcast
2020-08-11 00:00:00,2020-08-11,26.8,92.6,0.0,Overcast
2020-08-11 01:00:00,2020-08-11,26.8,94.26,0.0,Overcast
2020-08-11 02:00:00,2020-08-11,26.2,98.24,0.4,"Rain, Overcast"
2020-08-11 03:00:00,2020-08-11,26.9,94.27,0.0,Overcast
2020-08-11 04:00:00,2020-08-11,26.8,95.39,0.0,Overcast
2020-08-11 05:00:00,2020-08-11,26.4,98.83,0.0,Overcast
2020-08-11 06:00:00,2020-08-11,28.4,88.94,0.0,Partially cloudy
2020-08-11 07:00:00,2020-08-11,28.5,89.48,0.0,Partially cloudy
2020-08-11 08:00:00,2020-08-11,29.6,80.55,0.0,Partially cloudy
2020-08-11 09:00:00,2020-08-11,29.2,87.45,0.0,Partially cloudy
2020-08-11 10:00:00,2020-08-11,30.8,79.3,0.0,Partially cloudy
2020-08-11 11:00:00,2020-08-11,33.2,67.6,0.0,Partially cloudy
2020-08-11 12:00:00,2020-08-11,32.0,73.63,0.0,Partially cloudy
2020-08-11 13:00:00,2020-08-11,32.9,69.16,0.0,Partially cloudy
2020-08-11 14:00:00,2020-08-11,35.4,62.69,0.0,Clear
2020-08-11 15:00:00,2020-08-11,33.5,67.66,0.0,Clear
2020-08-11 16:00:00,2020-08-11,33.3,68.83,0.0,Clear
2020-08-11 17:00:00,2020-08-11,34.4,69.04,0.0,Clear
2020-08-11 18:00:00,2020-08-11,32.4,74.57,0.0,Partially cloudy
2020-08-11 19:00:00,2020-08-11,31.8,76.69,0.0,Partially cloudy
2020-08-11 20:00:00,2020-08-11,27.6,93.19,11.0,"Rain, Partially cloudy"
2020-08-11 21:00:00,2020-08-11,31.1,80.27,0.0,Overcast
2020-08-11 22:00:00,2020-08-11,30.9,80.72,0.0,Partially cloudy
2020-08-11 23:00:00,2020-08-11,28.9,93.25,0.0,Partially cloudy
2020-08-12 00:00:00,2020-08-12,30.9,74.32,0.0,Overcast
2020-08-12 01:00:00,2020-08-12,30.4,74.68,0.0,Overcast
2020-08-12 02:00:00,2020-08-12,28.2,89.98,0.0,Partially cloudy
2020-08-12 03:00:00,2020-08-12,29.9,75.05,0.0,Overcast
2020-08-12 04:00:00,2020-08-12,29.5,74.99,0.0,Overcast
2020-08-12 05:00:00,2020-08-12,26.4,85.13,0.0,Overcast
2020-08-12 06:00:00,2020-08-12,30.3,67.85,0.0,Partially cloudy
2020-08-12 07:00:00,2020-08-12,30.1,69.88,0.0,Partially cloudy
2020-08-12 08:00:00,2020-08-12,31.2,62.15,0.0,Partially cloudy
2020-08-12 09:00:00,2020-08-12,30.4,71.2,0.0,Partially cloudy
2020-08-12 10:00:00,2020-08-12,31.5,66.08,0.0,Partially cloudy
2020-08-12 11:00:00,2020-08-12,34.1,53.1,0.0,Partially cloudy
2020-08-12 12:00:00,2020-08-12,32.3,63.91,0.0,Overcast
2020-08-12 13:00:00,2020-08-12,33.0,62.17,0.0,Partially cloudy
2020-08-12 14:00:00,2020-08-12,33.6,57.99,0.0,Partially cloudy
2020-08-12 15:00:00,2020-08-12,33.8,59.09,0.0,Partially cloudy
2020-08-12 16:00:00,2020-08-12,33.8,58.74,0.0,Partially cloudy
2020-08-12 17:00:00,2020-08-12,33.7,53.32,0.0,Partially cloudy
2020-08-12 18:00:00,2020-08-12,32.7,67.11,0.0,Partially cloudy
2020-08-12 19:00:00,2020-08-12,32.4,69.48,0.0,Partially cloudy
2020-08-12 20:00:00,2020-08-12,31.4,57.83,0.0,Partially cloudy
2020-08-12 21:00:00,2020-08-12,32.1,71.09,0.0,Partially cloudy
2020-08-12 22:00:00,2020-08-12,31.5,73.98,0.0,Clear
2020-08-12 23:00:00,2020-08-12,26.9,86.21,0.0,Clear
2020-08-13 00:00:00,2020-08-13,31.2,75.26,0.0,Partially cloudy
2020-08-13 01:00:00,2020-08-13,30.7,78.35,0.0,Partially cloudy
2020-08-13 02:00:00,2020-08-13,26.2,91.47,0.0,Partially cloudy
2020-08-13 03:00:00,2020-08-13,30.2,80.63,0.0,Clear
2020-08-13 04:00:00,2020-08-13,29.8,82.99,0.0,Clear
2020-08-13 05:00:00,2020-08-13,25.4,95.91,0.0,Partially cloudy
2020-08-13 06:00:00,2020-08-13,30.9,76.1,0.0,Partially cloudy
2020-08-13 07:00:00,2020-08-13,31.1,76.59,0.0,Partially cloudy
2020-08-13 08:00:00,2020-08-13,32.6,57.76,0.0,Partially cloudy
2020-08-13 09:00:00,2020-08-13,31.6,74.88,0.0,Partially cloudy
2020-08-13 10:00:00,2020-08-13,33.1,67.19,0.0,Clear
2020-08-13 11:00:00,2020-08-13,34.6,50.1,0.0,Clear
2020-08-13 12:00:00,2020-08-13,33.8,63.46,0.0,Clear
2020-08-13 13:00:00,2020-08-13,34.8,58.97,0.0,Clear
2020-08-13 14:00:00,2020-08-13,35.9,51.04,0.0,Clear
2020-08-13 15:00:00,2020-08-13,35.2,57.33,0.0,Partially cloudy
2020-08-13 16:00:00,2020-08-13,35.2,57.33,0.0,Partially cloudy
2020-08-13 17:00:00,2020-08-13,35.9,51.04,0.0,Clear
2020-08-13 18:00:00,2020-08-13,34.1,63.15,0.0,Clear
2020-08-13 19:00:00,2020-08-13,33.5,66.48,0.0,Clear
2020-08-13 20:00:00,2020-08-13,32.4,60.93,0.0,Partially cloudy
2020-08-13 21:00:00,2020-08-13,32.5,73.71,0.0,Clear
2020-08-13 22:00:00,2020-08-13,31.9,78.06,0.0,Clear
2020-08-13 23:00:00,2020-08-13,30.9,71.72,0.0,Partially cloudy
2020-08-14 00:00:00,2020-08-14,31.4,80.78,0.0,Partially cloudy
2020-08-14 01:00:00,2020-08-14,30.7,84.08,0.0,Overcast
2020-08-14 02:00:00,2020-08-14,29.9,69.01,0.0,Overcast
2020-08-14 03:00:00,2020-08-14,30.2,84.52,0.0,Overcast
2020-08-14 04:00:00,2020-08-14,29.6,85.96,0.0,Overcast
2020-08-14 05:00:00,2020-08-14,27.6,78.86,0.0,Overcast
2020-08-14 06:00:00,2020-08-14,30.8,77.45,0.0,Overcast
2020-08-14 07:00:00,2020-08-14,31.4,77.08,0.0,Overcast
2020-08-14 08:00:00,2020-08-14,32.6,56.72,0.0,Overcast
2020-08-14 09:00:00,2020-08-14,32.1,72.36,0.0,Overcast
2020-08-14 10:00:00,2020-08-14,33.6,61.93,0.0,Overcast
2020-08-14 11:00:00,2020-08-14,35.4,50.0,0.0,Overcast
2020-08-14 12:00:00,2020-08-14,34.3,58.5,0.0,Overcast
2020-08-14 13:00:00,2020-08-14,35.0,54.61,0.0,Overcast
2020-08-14 14:00:00,2020-08-14,36.4,49.36,0.0,Overcast
2020-08-14 15:00:00,2020-08-14,35.0,54.61,0.0,Overcast
2020-08-14 16:00:00,2020-08-14,35.0,56.61,0.0,Overcast
2020-08-14 17:00:00,2020-08-14,35.9,51.66,0.0,Overcast
2020-08-14 18:00:00,2020-08-14,33.9,64.24,0.0,Overcast
2020-08-14 19:00:00,2020-08-14,33.3,64.5,0.0,Partially cloudy
2020-08-14 20:00:00,2020-08-14,30.4,80.66,0.0,Partially cloudy
2020-08-14 21:00:00,2020-08-14,33.0,65.98,0.0,Partially cloudy
2020-08-14 22:00:00,2020-08-14,32.2,71.1,0.0,Clear
2020-08-14 23:00:00,2020-08-14,29.2,86.43,0.0,Clear
2020-08-15 00:00:00,2020-08-15,31.6,75.76,0.0,Clear
2020-08-15 01:00:00,2020-08-15,31.0,78.86,0.0,Partially cloudy
2020-08-15 02:00:00,2020-08-15,27.7,89.95,0.0,Clear
2020-08-15 03:00:00,2020-08-15,30.7,80.22,0.0,Clear
2020-08-15 04:00:00,2020-08-15,30.2,82.55,0.0,Clear
2020-08-15 05:00:00,2020-08-15,26.7,94.26,0.0,Clear
2020-08-15 06:00:00,2020-08-15,31.4,74.4,0.0,Clear
2020-08-15 07:00:00,2020-08-15,31.6,75.32,0.0,Clear
2020-08-15 08:00:00,2020-08-15,33.1,68.79,0.0,Clear
2020-08-15 09:00:00,2020-08-15,31.7,74.89,0.0,Clear
2020-08-15 10:00:00,2020-08-15,33.2,66.81,0.0,Clear
2020-08-15 11:00:00,2020-08-15,36.4,53.35,0.0,Clear
2020-08-15 12:00:00,2020-08-15,33.7,66.52,0.0,Partially cloudy
2020-08-15 13:00:00,2020-08-15,34.7,61.44,0.0,Partially cloudy
2020-08-15 14:00:00,2020-08-15,37.2,49.56,0.0,Clear
2020-08-15 15:00:00,2020-08-15,35.4,57.72,0.0,Clear
2020-08-15 16:00:00,2020-08-15,35.2,57.67,0.0,Clear
2020-08-15 17:00:00,2020-08-15,36.2,52.98,0.0,Clear
2020-08-15 18:00:00,2020-08-15,33.4,65.29,0.0,Clear
2020-08-15 19:00:00,2020-08-15,32.7,67.51,0.0,Partially cloudy
2020-08-15 20:00:00,2020-08-15,31.9,74.92,0.0,Partially cloudy
2020-08-15 21:00:00,2020-08-15,31.4,75.29,0.0,Partially cloudy
2020-08-15 22:00:00,2020-08-15,30.5,78.79,0.0,Partially cloudy
2020-08-15 23:00:00,2020-08-15,29.6,82.0,0.0,Partially cloudy
2020-08-16 00:00:00,2020-08-16,30.7,75.62,0.0,Partially cloudy
2020-08-16 01:00:00,2020-08-16,30.3,76.46,0.0,Clear
2020-08-16 02:00:00,2020-08-16,28.7,92.7,0.0,Clear
2020-08-16 03:00:00,2020-08-16,29.9,75.05,0.0,Clear
2020-08-16 04:00:00,2020-08-16,29.2,77.68,0.0,Clear
2020-08-16 05:00:00,2020-08-16,27.9,94.31,0.0,Clear
2020-08-16 06:00:00,2020-08-16,30.0,71.99,0.0,Clear
2020-08-16 07:00:00,2020-08-16,30.1,73.31,0.0,Clear
2020-08-16 08:00:00,2020-08-16,32.7,70.77,0.0,Clear
2020-08-16 09:00:00,2020-08-16,30.4,75.13,0.0,Clear
2020-08-16 10:00:00,2020-08-16,32.1,68.2,0.0,Clear
2020-08-16 11:00:00,2020-08-16,36.1,52.02,0.0,Clear
2020-08-16 12:00:00,2020-08-16,33.2,67.21,0.0,Clear
2020-08-16 13:00:00,2020-08-16,34.4,62.47,0.0,Clear
2020-08-16 14:00:00,2020-08-16,36.2,52.98,0.0,Clear
2020-08-16 15:00:00,2020-08-16,35.1,60.45,0.0,Clear
2020-08-16 16:00:00,2020-08-16,35.3,60.14,0.0,Clear
2020-08-16 17:00:00,2020-08-16,37.4,47.01,0.0,Clear
2020-08-16 18:00:00,2020-08-16,33.7,66.91,0.0,Clear
2020-08-16 19:00:00,2020-08-16,33.3,66.83,0.0,Clear
2020-08-16 20:00:00,2020-08-16,28.2,70.81,2.0,"Rain, Partially cloudy"
2020-08-16 21:00:00,2020-08-16,32.4,69.07,0.0,Clear
2020-08-16 22:00:00,2020-08-16,31.0,77.94,0.0,Clear
2020-08-16 23:00:00,2020-08-16,26.4,88.79,0.0,Clear
2020-08-17 00:00:00,2020-08-17,30.3,80.17,0.0,Clear
2020-08-17 01:00:00,2020-08-17,29.7,81.05,0.0,Clear
2020-08-17 02:00:00,2020-08-17,25.9,94.23,0.0,Clear
2020-08-17 03:00:00,2020-08-17,29.4,80.05,0.0,Clear
2020-08-17 04:00:00,2020-08-17,29.0,80.96,0.0,Clear
2020-08-17 05:00:00,2020-08-17,25.9,98.82,0.0,Clear
2020-08-17 06:00:00,2020-08-17,30.0,72.42,0.0,Clear
2020-08-17 07:00:00,2020-08-17,30.0,73.3,0.0,Clear
2020-08-17 08:00:00,2020-08-17,31.4,73.97,0.0,Clear
2020-08-17 09:00:00,2020-08-17,30.3,72.91,0.0,Clear
2020-08-17 10:00:00,2020-08-17,31.9,66.16,0.0,Clear
2020-08-17 11:00:00,2020-08-17,35.6,51.89,0.0,Clear
2020-08-17 12:00:00,2020-08-17,32.8,64.78,0.0,Clear
2020-08-17 13:00:00,2020-08-17,33.8,59.44,0.0,Clear
2020-08-17 14:00:00,2020-08-17,36.6,46.81,0.0,Clear
2020-08-17 15:00:00,2020-08-17,34.7,55.86,0.0,Clear
2020-08-17 16:00:00,2020-08-17,34.5,56.49,0.0,Clear
2020-08-17 17:00:00,2020-08-17,35.2,49.05,0.0,Clear
2020-08-17 18:00:00,2020-08-17,32.5,68.27,0.0,Clear
2020-08-17 19:00:00,2020-08-17,31.7,73.15,0.0,Clear
2020-08-17 20:00:00,2020-08-17,31.4,76.18,0.0,Clear
2020-08-17 21:00:00,2020-08-17,30.5,77.87,0.0,Clear
2020-08-17 22:00:00,2020-08-17,29.7,79.62,0.0,Clear
2020-08-17 23:00:00,2020-08-17,30.1,84.01,0.0,Clear
